{"train_loss": [0.595505513174066, 0.3724212165076668, 0.2912553595479342, 0.25024466639046966, 0.22052960867517069, 0.20334527982157888, 0.1833052628208135, 0.16259071402576933, 0.14234468433222244, 0.13022475132687186, 0.11572957063314251, 0.10140255323332499, 0.0909923117407138, 0.08378590654129126, 0.07668236136184496, 0.0672047034761496, 0.0611256849485099, 0.05513298982095868, 0.046347589858207375, 0.04317108174208061, 0.03916262137068921, 0.037444504891272094, 0.03298681868043206, 0.027264858266932732, 0.025972553752392026, 0.02318593399574291, 0.022547052277715723, 0.020805886637795215, 0.0167739554464735, 0.016727847660658424, 0.014175508029515754, 0.012395829531456433, 0.010757441324230564, 0.01026055491968881, 0.008272231572149801, 0.007308996815950036, 0.0059583464917473015, 0.005761776203016787, 0.005192866482223687, 0.00459082234237743, 0.0037398268898631874, 0.0036097662414984817, 0.003393229654364982, 0.0027662985627087164, 0.0026136494846666627, 0.002323008990142314, 0.0018348422580820882, 0.0022161988589139542, 0.001984285583244977, 0.001713293879399112], "train_acc": [0.7191604404246953, 0.8359221392056626, 0.8682756586708612, 0.8861875737318128, 0.901494298073142, 0.9068619740464019, 0.9115021627998428, 0.9213330711757767, 0.9295910342115612, 0.9348800629178136, 0.9392253244199764, 0.9475226110892646, 0.9527723161620134, 0.9581989775855289, 0.9612170664569406, 0.9671451042076288, 0.9685509241053873, 0.9731911128588282, 0.9781753834054266, 0.9794042469524185, 0.9810066850176956, 0.9822060558395596, 0.9856763664962642, 0.9880751081399921, 0.9886747935509241, 0.9903362170664569, 0.9903165552497051, 0.9916928824223358, 0.9930888714117184, 0.9935410931970114, 0.9944553676759733, 0.9956350766810853, 0.9960381439244986, 0.99642154935116, 0.997031065670468, 0.9974046401887534, 0.9978863546991742, 0.9983484073928431, 0.9985646873771137, 0.9986924891860007, 0.9989382618953991, 0.9991250491545419, 0.9992135273299253, 0.9994199764058199, 0.999410145497444, 0.9995182854895792, 0.9998033818324813, 0.9997149036570979, 0.9996854109319702, 0.9997247345654738], "test_loss": [0.5235231927649727, 0.5372947641350255, 0.46715680515878716, 0.35521930115849193, 0.39398550691738515, 1.0413300141410728, 0.3522365126889347, 0.457288865033152, 1.1324590032432362, 0.569358642330434, 0.6754003667560541, 0.46570586763529725, 0.31588132602170066, 0.33242820242552223, 0.46090749959672234, 0.28430152634683176, 0.41727200928741276, 0.3517517611685035, 0.3571011352117653, 0.31986814349850756, 0.29257079593100815, 0.6428990676764758, 0.5530034831216467, 0.36625293177481005, 0.45539103310411033, 0.31724024870732975, 0.36197186442294055, 0.9030168847626111, 0.4349256368956522, 0.38952150203930547, 0.36694246844529027, 0.3496417339417086, 0.3884174566209908, 0.4124849291801992, 0.39645703406653554, 0.44668765140113087, 0.43660196495313236, 0.3466266482951183, 0.39916147441025446, 0.38593675235631375, 0.40973432830325535, 0.3984904084496571, 0.40202444709587076, 0.4061414347734269, 0.3877795724873411, 0.38755194168770396, 0.40027959451806416, 0.38926125963193314, 0.38471042055557636, 0.3814354938239352], "test_acc": [0.8218190854870775, 0.8104870775347912, 0.8546719681908549, 0.903727634194831, 0.861779324055666, 0.7055168986083499, 0.8851888667992047, 0.8252982107355865, 0.7249502982107355, 0.8122763419483101, 0.7946819085487078, 0.8601391650099404, 0.9065606361829026, 0.911779324055666, 0.8761431411530816, 0.9320576540755467, 0.8949304174950298, 0.9043737574552684, 0.921272365805169, 0.9311630218687873, 0.9377236580516899, 0.8754473161033797, 0.8975149105367793, 0.9337475149105368, 0.9103876739562624, 0.94831013916501, 0.9414512922465209, 0.8430914512922465, 0.9221669980119285, 0.9408548707753479, 0.9432902584493041, 0.9484592445328032, 0.9502485089463221, 0.9478628230616302, 0.9427435387673956, 0.9475149105367793, 0.9466202783300198, 0.9577534791252486, 0.9550695825049702, 0.955765407554672, 0.9521371769383697, 0.9564115308151093, 0.9573558648111332, 0.9584493041749503, 0.9582504970178927, 0.9586978131212723, 0.9587475149105368, 0.9587475149105368, 0.9600397614314116, 0.9606858846918489], "sev_mae": [0.09988848119974136, 0.08071406930685043, 0.07901494950056076, 0.07665147632360458, 0.06249915063381195, 0.08397514373064041, 0.07557252049446106, 0.0584896020591259, 0.06736728549003601, 0.06326723098754883, 0.06348243355751038, 0.05932190269231796, 0.06298820674419403, 0.06218770891427994, 0.05244491994380951, 0.05801002308726311, 0.05741094425320625, 0.05506821721792221, 0.056635838001966476, 0.05307523533701897, 0.050565894693136215, 0.059895966202020645, 0.05295241251587868, 0.05368710681796074, 0.05018496513366699, 0.05262397974729538, 0.04874453321099281, 0.048894066363573074, 0.04874308407306671, 0.044462986290454865, 0.04698292538523674, 0.04673074930906296, 0.04892038553953171, 0.045956578105688095, 0.04669443890452385, 0.0455956757068634, 0.0448245033621788, 0.039157282561063766, 0.042747993022203445, 0.04082474485039711, 0.03949888050556183, 0.041230157017707825, 0.041308436542749405, 0.0408482551574707, 0.038318485021591187, 0.03958790749311447, 0.039557866752147675, 0.03944408893585205, 0.03870879486203194, 0.03861852362751961]}