{"train_loss": [0.9330365884724785, 0.7634989595132715, 0.7270593461709864, 0.7049053508347156, 0.6903194927514769, 0.6780116054123523, 0.6698530767384697, 0.6631751355750888, 0.6560800596124986, 0.6498775750609005, 0.6456482736176136, 0.6393478898628085, 0.6356765076225879, 0.6317560616194033, 0.6271086602491491, 0.6222899406190012, 0.618812171272203, 0.6143927058986589, 0.609883386144451, 0.606093449938531, 0.6026306295581892, 0.5991311446171181, 0.5969522643369787, 0.593100195015178, 0.5898581483223859, 0.5874036541172102, 0.5857980122098736, 0.5843495792033626, 0.5832237580523771, 0.582800215141446], "train_acc": [0.5885269607843138, 0.6814779411764705, 0.7037205882352942, 0.7143823529411765, 0.7217009803921569, 0.7273406862745098, 0.7298700980392157, 0.7334313725490196, 0.7364436274509804, 0.7382892156862745, 0.7399068627450981, 0.7420294117647059, 0.7430343137254902, 0.7449191176470589, 0.7460833333333333, 0.7489044117647059, 0.749328431372549, 0.7507794117647059, 0.7526053921568627, 0.7547671568627451, 0.7545563725490196, 0.7560367647058823, 0.7579509803921569, 0.7581691176470589, 0.7584828431372549, 0.7596004901960784, 0.7599730392156863, 0.7607745098039216, 0.7611372549019608, 0.7614264705882353], "test_loss": [0.858928923083871, 0.823448654606427, 0.8501774096792089, 0.8380813718875687, 0.7833506811402884, 0.7670703043193355, 0.7706762367129034, 0.7638588494990094, 0.7790565219642046, 0.8138768919434983, 0.7725167789018037, 0.7738539854751206, 0.7651474968851635, 0.7442568646221622, 0.7558574431838796, 0.7446804196781972, 0.7451495966245877, 0.764837310497156, 0.7538497939669326, 0.7389948749878242, 0.7450420626201758, 0.7323191884149085, 0.737388827750715, 0.7405915381642534, 0.7322183825477373, 0.7276310338525503, 0.7266323717464419, 0.7273128135995391, 0.7249065461097395, 0.7273069125600159], "test_acc": [0.7150245098039215, 0.7451960784313726, 0.7029779411764706, 0.7180269607843137, 0.7503186274509804, 0.7567647058823529, 0.7585539215686274, 0.7620588235294118, 0.7558823529411764, 0.7292769607843137, 0.755968137254902, 0.7494485294117647, 0.7563848039215686, 0.7694362745098039, 0.7611029411764706, 0.7653308823529412, 0.7623897058823529, 0.7483946078431373, 0.7571200980392156, 0.764656862745098, 0.7611519607843137, 0.7691421568627451, 0.7662132352941177, 0.7607230392156863, 0.7665196078431372, 0.7695220588235294, 0.768014705882353, 0.7683946078431373, 0.7708333333333334, 0.7689950980392157], "sev_mae": [0.08706594258546829, 0.08010140806436539, 0.08316037058830261, 0.07858487963676453, 0.07563650608062744, 0.07537450641393661, 0.07378716766834259, 0.07435864955186844, 0.07680834084749222, 0.07487940043210983, 0.07236611843109131, 0.07298001646995544, 0.07045689225196838, 0.07199922949075699, 0.07271267473697662, 0.07020881026983261, 0.06957289576530457, 0.07015597075223923, 0.0706009715795517, 0.06982802599668503, 0.0706196129322052, 0.06940770149230957, 0.06857597082853317, 0.06887254118919373, 0.06918779760599136, 0.06902223080396652, 0.06937067210674286, 0.06870675086975098, 0.06923384219408035, 0.0688936710357666]}